Governor ID,Governor Name,Power,DKP,Camp,KD,Power Diff,KP,T4,T5,Dead,Acclaim,Healed,Trades,Credit Score
207979381,24 X҉ MuguiBoy,64295138,249163630,IV,3924,1246637,505789263,27112240,11680665,1593868,0,30936287,77.74,100
207034573,24 X҉ HànLão,65456149,119722810,IV,3924,-3128563,253165515,17295595,3826314,818486,0,12982575,91.72,100
208559123,Stflrs Mom,53249493,113355870,IV,3924,-1014579,244655773,18404875,3004547,646060,0,24361760,48.92,100
207787522,ᴿᵂAmidamaru,54450180,102842285,IV,3924,15071631,238446827,19883660,1933041,265149,0,14329167,81.69,100
207861650,ˣˣOldboy,53030811,88137057,IV,3924,-143484,183518167,10988848,3676946,494147,0,10451735,83.83,100
208594000,Báolonf,52074226,80956989,IV,3924,8639427,175823248,12077906,2491168,515579,0,6098823,132.91,100
204170130,24 X҉ Quýt,35254250,67882417,IV,3924,6716463,151431556,9158438,2962151,108477,0,8138843,91.81,100
208208516,ᴿᵂBando,28334983,63295716,IV,3924,983013,125897774,8771194,1420577,933678,0,17517237,34.12,100
208108254,Alex hub,35865763,61347867,IV,3924,5016842,127219165,11277658,715634,605393,0,18606480,33.11,100
207000003,Takudooo,43612352,60323712,IV,3924,5405443,105744980,6386503,1992974,989864,0,6136730,74.19,100
208651441,24 X҉ Tràツ,40074085,55489322,IV,3924,2275260,126679582,8907643,1370959,409944,0,11863382,51.61,100
210676287,Frenzy メ,25043781,52568043,IV,3924,2820244,108066780,10590777,33840,657769,0,1784896,221.21,100
210133354,24 X҉  Zenith,41380529,51905649,IV,3924,5955111,104937748,5193701,2647312,310515,0,9866832,51.55,100
209530219,24 X҉ SóiGià,36445961,48568230,IV,3924,3328103,98739873,7120430,966823,694552,0,34808997,13.91,100
209521513,24X҉ Quả Cam,32900995,46533740,IV,3924,1392538,100824338,7400765,1203339,326486,0,9476741,51.42,100
207317722,iryshka,36076680,44390165,IV,3924,2597378,97634986,7730560,890167,304417,0,22378979,21.52,100
207038636,24 X҉ BossMilk,41375298,43776114,IV,3924,1192990,89535906,6307346,1156225,465632,0,15367351,28.28,100
208591565,24 X҉ Chanh,35116795,42952208,IV,3924,3510453,91309894,5914677,1456280,315380,0,13846359,32.24,100
209842542,ᴱᵂMr C,33215727,42462949,IV,3924,5703979,113821890,9493221,405823,28789,0,6689925,84.71,100
209534514,24 X҉ Ney,30161880,42122999,IV,3924,3170965,86843490,6299276,680082,675005,0,12114172,33.95,100
209435533,hiền hihi,33891114,38087728,IV,3924,2583943,77799536,4153457,1539266,405416,0,41134105,9.36,100
207128271,24 X҉   Shyn,48005261,37906794,IV,3924,1526786,65734946,4663391,934225,660732,0,3383977,81.26,100
210272139,Inf1n1ty,27425279,37019215,IV,3924,4962617,80431257,6239095,901383,203267,0,13073965,30.29,100
209600107,LeONn,36204555,36349679,IV,3924,3560374,68247120,3112771,1848223,361091,0,7727821,42.19,100
208157738,03 SHEEP,35690272,35591397,IV,3924,6853476,78977265,5216643,1339500,88655,0,8212046,47.57,100
209089507,24X҉ Olivia,27454930,31006194,IV,3924,1484359,48060588,3426111,606189,749324,0,9184559,24.19,100
209645960,24 X҉ RITSARD,31579756,30531777,IV,3924,3268832,61100299,3722543,1185409,252501,0,7083033,41.65,100
208638976,24 X҉ Roytitus,36925123,29740011,IV,3924,2941984,66805892,5311054,684341,110159,0,5262501,62.17,100
207108248,HOY PINOY AKOヮ,24091078,29103715,IV,3924,-84676,25494346,894800,822107,1153563,0,11022437,10.47,100
209811971,peter graffi,27711592,28693004,IV,3924,1354394,45818063,2805471,710192,691280,0,10515246,20.44,100
207317874,24 X҉ MONGOL,29070167,28391595,IV,3924,2766268,43269813,3771870,276477,702623,0,8143222,24.46,100
210422456,Mảngo,22571891,27327874,IV,3924,1336761,6521242,454736,78647,1648164,0,4866521,5.01,100
210082550,xFACAx,27240220,26971931,IV,3924,-254664,6044446,252404,175986,1613497,0,1938868,8.51,100
210049658,Lejonhjärta,36796326,26782573,IV,3924,4699373,49673764,3326367,706744,427311,0,25393088,9.62,100
207109314,24 X҉  Pak RT,37130957,26358549,IV,3924,-4069207,24646428,2252546,34612,1133483,0,1170177,53.49,100
208580783,24X҉Сиэль,27019130,26114008,IV,3924,1786808,52121447,4571227,320298,308408,0,7204164,34.69,100
207576224,24 X҉ Viona,38438066,25964527,IV,3924,4233806,45096046,2703978,902200,408441,0,6096891,34.66,100
208558087,24 X҉ Alie,28674464,25693724,IV,3924,988769,43113190,1533256,1388827,378162,0,5152376,38.98,100
207118372,DHieu,34019049,25578188,IV,3924,1508623,59541959,4429432,589372,131116,0,17183610,17.19,100
209616823,ᴹᴰXrUsT,29119150,25291186,IV,3924,2358503,32207465,1986159,615811,745896,0,4827289,28.9,100
207653866,24 X҉ Gấu,37498901,25193897,IV,3924,3825219,50567816,3179588,900903,231101,0,6272836,38.87,100
208617337,ᵛⁿPopicicu,38031175,23476617,IV,3924,3588449,47554225,2411558,1141201,161225,0,6785820,34.23,100
210371729,24 X҉ xANGELx,24827264,23101097,IV,3924,2407282,43503846,3888253,209761,363365,0,8222579,25.33,100
209750782,JoeLaTabaz,37624565,23085373,IV,3924,7902450,49479004,2248007,1231019,118877,0,15228991,16.12,100
209904802,ᴵᴬngân,41526522,22906594,IV,3924,2260674,46195792,3488211,368122,351502,0,3305241,63.17,100
210517889,babyb0y,32291618,22582837,IV,3924,3442263,38991056,2483273,706715,372173,0,6684923,27.63,100
210354561,ᴸnichii,23988541,21850443,IV,3924,2788870,40625189,3772282,124496,367757,0,4039673,46.09,100
210379863,24 X҉  Quỳnh,28430852,19986943,IV,3924,3800602,42535969,888227,1113545,353239,0,7168976,28.27,100
210922098,Zodiac Army,24768630,19872442,IV,3924,2031613,27485559,2622728,54479,589116,0,3918296,30.49,100
210482880,24 X҉  Slayer,33366915,19839286,IV,3924,2488928,35605469,1048884,1255750,205750,0,13619189,12.88,100
209527597,24 X҉ Klee,31281965,19790214,IV,3924,2942208,35186026,2304506,416998,426814,0,6044316,27.19,100
209844407,RW Nikol40,50767782,19332316,IV,3924,17089644,36933310,2164829,759614,205124,0,2791732,61.62,100
209607393,柱 VeNdDeTtA,37435583,19235404,IV,3924,3987114,32101053,1836796,686631,334794,0,7126969,21.51,100
207190528,kz 007 02,24316319,18653265,IV,3924,-5812357,2164682,215835,0,1185995,0,175326,7.95,100
209814285,空Tuấn空,31265611,18632776,IV,3924,6889039,33736523,2184264,348343,427486,0,12632998,12.92,100
210431963,24 X҉ vSharks,36200332,18528358,IV,3924,4490896,30990466,2860322,98588,406746,0,3427410,40.41,100
210900267,LORD ZEE 1,24762094,18365162,IV,3924,946443,2115956,58208,76692,1157694,0,1598706,3.84,100
210744133,Dirtyguido,27731718,17937553,IV,3924,-2589655,2845935,104537,89978,1107975,0,1800404,4.89,100
209302826,1Vorobey1,34621409,17710358,IV,3924,3178682,8726519,570802,150670,928030,0,3433828,10,100
210346486,todays 12,55078476,17341140,IV,3924,6869871,32295244,1715380,756746,194144,0,5038949,30.86,100
209779749,ᴰᴷMajima,24237693,17138205,IV,3924,3852647,29394744,2184000,376992,308819,0,6295451,22.25,100
210438552,24 X҉ PPPhúc,25277448,16922748,IV,3924,2430845,19277391,990212,462199,555994,0,6984470,12.78,100
210446135,SCOURGE OF GOD,20749723,16662342,IV,3924,283193,21486830,1293783,193074,637098,0,4120954,22.58,100
209749867,ᴬᶠBamba,24832351,16361358,IV,3924,1286332,6587490,292847,182935,890708,0,2306428,10.3,100
209378653,24 X҉ Manoelbr,29651548,16267572,IV,3924,291368,13667244,877408,221075,703146,0,6601970,9.35,100
208179191,ᴿw dumbywumby,30903136,16020132,IV,3924,1772675,36128400,2147193,501099,161358,0,17753827,10.08,100
209982519,Vᴺ Longcon,23251626,15757104,IV,3924,-2052366,986949,24956,36811,1019278,0,1205278,2.22,100
209861963,ᴿᵂAlex,21600493,15710009,IV,3924,346713,25510257,2278966,89239,380117,0,16942401,7.36,100
206969476,24 X҉ Xatarê,34168917,15658988,IV,3924,243902,13039950,699722,184641,734246,0,1891722,24.83,100
210372799,24 CHEZCKO,27094086,15615729,IV,3924,1807861,2201640,194496,12834,980627,0,2181005,3.48,100
209890750,Elephent,26446786,15401085,IV,3924,718415,8053474,274540,190712,826387,0,5644723,6.22,100
209306575,Spartacus6,32091298,15250340,IV,3924,4680718,26265560,2005730,308049,276462,0,3563870,34.2,100
207251090,ʷғŴukong,23306607,14986693,IV,3924,-4897566,1754620,175462,0,952323,0,0,9.21,100
209962010,マリーゴールド,29200479,14810879,IV,3924,1835456,5726734,345381,113546,819593,0,2518188,8.58,100
209908286,REPragmatic,29494972,14623441,IV,3924,746171,19420497,950704,495666,390931,0,3912989,22.56,100
209944070,24X҉  PaTRoN46,33448579,14565706,IV,3924,-204753,1436706,130919,6341,931908,0,942413,3.83,100
210254146,Алекс 2909,30502082,14492721,IV,3924,2004213,7825240,529364,126580,740631,0,3399850,9.45,100
208211785,ᶲOmJiroᴿᵂ,28664444,14440975,IV,3924,2368153,20712148,1201240,364503,399399,0,11780508,8.5,100
207428704,ᶫʳБьёрн,23600662,14427929,IV,3924,44723,24010763,2311461,20528,331787,0,3826344,28.87,100
210103821,24 X҉  dayday,29864653,13967648,IV,3924,5459821,22072094,1822457,144468,348876,0,13156414,8.17,100
209043926,TOMBOYY,31785697,13941544,IV,3924,2001660,18868442,726656,579962,349020,0,9170037,9.91,100
209838834,Teung,26840733,13749374,IV,3924,2965415,6524216,376586,137736,724378,0,2222402,11.07,100
209354961,RW penculik111,25580858,13684389,IV,3924,3182929,24093271,1685331,341898,234939,0,9020595,13.02,100
210239549,luca0507,41666102,13660872,IV,3924,7766301,31432227,2512328,286531,49750,0,2795241,55.24,100
208718417,TheinOo,31289512,13474485,IV,3924,4976864,22938021,1333335,475533,225721,0,5474789,20.12,100
207270931,guardboy,32704752,13213331,IV,3924,3553165,17450763,1149104,297153,376359,0,5039333,16.11,100
207742044,Messi ᵃⁿᵍ,27325706,13136829,IV,3924,420015,20454564,1931406,47835,328857,0,1862445,46.67,100
208585387,Топoль,38122452,12819582,IV,3924,2805558,11320943,1003228,56843,549216,0,2961648,16.12,100
209821264,ᴴᴰMIKOTO,20898475,12728133,IV,3924,498253,8883262,475997,205708,584471,0,4554826,8.64,100
210661343,业๛ BREEZEメ,34015133,12702257,IV,3924,3622497,19585329,1364998,194368,353239,0,13230824,7.21,100
209531678,Crisssss,31588817,12526198,IV,3924,3928434,13844063,778627,302595,425716,0,4157215,15.1,100
207519309,曾甜3,34683620,12394677,IV,3924,2597562,13735846,1039638,0,549075,0,190560,92.86,100
210213330,Ita city,28960868,12374110,IV,3924,6324372,2131379,164285,24062,765090,0,2926087,2.89,100
208196720,ᴿᵂGNV,32929974,12229080,IV,3924,1742798,3648690,246285,59292,710068,0,3156663,4.72,100
208145473,Vicentuss,28816869,12189359,IV,3924,2946837,11459064,787366,67879,557407,0,3336471,14.71,100
209569488,24 X҉ BaByHulk,50506255,12154578,IV,3924,7380450,28747474,1724002,262169,175792,0,2992731,45.36,100
209862206,MCDragoon,31832813,12096932,IV,3924,4212194,23005227,2225458,32644,191244,0,1253985,79.59,100
210376336,24 X҉ Serelis,25685324,12046437,IV,3924,2156225,19639928,1055663,444643,225157,0,3187741,28.77,100
210602781,A K T,35396346,12011143,IV,3924,5908403,18267542,1332852,201655,310879,0,2878511,28.64,100
207093369,24 X҉ FangYuan,41474043,11982468,IV,3924,2168910,23229680,717942,802503,72378,0,2252634,49.96,100
210052043,ᴹᴰJester,33024831,11814041,IV,3924,4426146,6257754,383349,120050,605343,0,2850736,9.05,100
209310262,GhoOosT,26393423,11793043,IV,3924,5028752,3723720,204092,84140,675685,0,3001965,5.06,100
209965993,Мрисса,28604443,11673281,IV,3924,1749336,7488808,446754,151031,558397,0,6619244,5.22,100
209819561,MEDS21,25801706,11501213,IV,3924,651466,9109661,605182,149815,505489,0,4770443,8.63,100
207279889,24 X҉ DUMBLDOR,37267367,11490075,IV,3924,8615989,23570981,2132755,109754,124101,0,3261365,34.81,100
210269837,まくぷ,32724425,11432615,IV,3924,4249175,16204556,1052360,279537,295187,0,3357895,22.18,100
209927994,24 X҉  Visna,36717014,11352915,IV,3924,4132025,15960789,738270,428700,274189,0,3835048,19.42,100
207280922,ᴮᴺPemudA,30678548,11345854,IV,3924,2674638,10783491,470906,303104,428746,0,1996336,22.23,100
209321542,Rambo ll,28710263,11231619,IV,3924,3051865,11013030,518851,290114,417005,0,5236803,9.74,100
209786492,Girl sexyyyy,24016784,11064999,IV,3924,2984249,13659705,630356,367573,324523,0,11259694,5.9,100
209367117,ᴱᶻIvanRR,30837521,11028233,IV,3924,3174012,10478766,427927,309853,414533,0,4143777,11.49,100
209788785,24 X҉ NVTboi,33753100,10854121,IV,3924,1843524,16364672,1019754,263746,275843,0,5871547,13.31,100
207566610,ᵒᵈLuFFy,28521552,10711479,IV,3924,2574838,10736752,593616,237930,397181,0,4542911,10.87,100
207014016,24 X҉ Jhoncewi,33267967,10562715,IV,3924,1652796,13494446,859940,243883,312275,0,1399001,39.43,100
210233153,ᴿᶠMixey911,32074369,10273977,IV,3924,1981556,11243680,595603,263870,350191,0,5928891,8.95,100
209938736,ᴮᴺAquemini,27062424,10165960,IV,3924,1152859,17008042,1026145,326142,186664,0,2824216,28.24,100
209881330,ᴿᵂKittamer,28076599,10021189,IV,3924,4364353,3005866,176446,61572,579979,0,2918984,4.3,100
210417562,24 X҉   Redbud,31844339,10008841,IV,3924,2045100,2670339,152149,54177,590565,0,1656802,5.94,100
209321704,HOTBEAST,31895865,10003344,IV,3924,4537459,24226023,2422551,0,20876,0,1299258,91.76,100
210747688,24 X҉ Perigo,23210316,9885039,IV,3924,-3483560,2449714,243996,0,593937,0,6353,20.4,100
210266791,Lee See Chen,23530673,9813238,IV,3924,1686388,22048087,1887462,23740,135066,0,1181091,83.76,100
210293112,24 X҉ Prince,40467256,9687492,IV,3924,7165240,16920136,1231253,160966,210188,0,1877900,40.52,100
208630834,24 X҉  Mommy,23834537,9606243,IV,3924,1680345,13897300,1206062,91834,257577,0,4089279,15.99,100
210295022,마가우가하후씨,22419453,9527848,IV,3924,-1194570,1647259,152627,6038,590464,0,1027913,5.09,100
208198024,ᴿᵂMaegun,31048695,9393442,IV,3924,2107006,9220493,748853,74180,377082,0,2608208,15.44,100
210399713,Izzy the Great,25200566,9138739,IV,3924,4521284,25529573,1644516,51295,136515,0,1971365,60.56,100
208196246,ᴿᵂMoonMoon,37363709,9118039,IV,3924,1750590,6476456,215946,215848,406385,0,2973514,9.58,100
208158335,24 X҉ HellSing,30305670,9065989,IV,3924,200696,4047951,283486,60414,488527,0,3388636,5.22,100
207702281,24 X҉   Leoシ,44402919,9015648,IV,3924,6475121,17737479,745792,469481,89178,0,7187060,12.19,100
207786640,AMADIOHA,26643450,8691694,IV,3924,4045742,10148290,805001,102026,296762,0,4655362,10.25,100
209367234,øPositron,36881836,8639240,IV,3924,3087900,4663808,312890,75867,441934,0,2402204,8.2,100
211294741,Farmheart,20142394,8497684,IV,3924,-644769,3138428,167131,73083,473222,0,1936763,6.51,100
210262314,ᴮᴺGLE400,50057005,8161278,IV,3924,7274420,13075724,862082,222730,165710,0,4945606,12.79,100
207069617,Paulo21,24586432,8119994,IV,3924,3529795,2805213,248161,16072,464442,0,3616467,3.44,100
210564758,lord ismail,24792379,8090570,IV,3924,1656138,2661360,122285,68253,461260,0,1634802,6.35,100
210685997,ᴶᴰ nurge,24912011,8032355,IV,3924,635420,835660,0,41783,507635,0,654843,3.59,100
210229272,Kandamiala,20316825,7944040,IV,3924,1963079,3680062,218450,74435,421726,0,2465650,6.37,100
210151511,24 X҉ ƉƉante,39891622,7924438,IV,3924,3528863,11272286,325017,401104,174222,0,1991259,26.03,100
208627398,Asimo884,35342182,7659416,IV,3924,4575564,2904604,108974,77649,429802,0,2287586,5.34,100
209894459,LeslieChow,26593859,7654656,IV,3924,2733311,9392605,444599,85645,334654,0,22269588,2.08,100
208108990,ᴰᴰAchille1,27779963,7555229,IV,3924,2733246,7024088,545341,78466,305947,0,1552761,18.9,100
210437015,Almaspavlodar,24081708,7380147,IV,3924,3393643,2339660,192088,20939,426827,0,2205660,4.44,100
209848443,ᴿᵂPalo4keee,29057360,7120946,IV,3924,3937894,17765550,1774309,1123,832,0,3218704,27.59,100
208680184,Kutilkatak,27731212,7069356,IV,3924,1605281,11858370,583509,301164,114912,0,8542856,6.85,100
206968066,24 X҉ThuyAn,52156120,6885791,IV,3924,7110891,15728454,1075264,248773,6467,0,2160781,36.29,100
207683036,ᴿᵂArtзmis,34031449,6876768,IV,3924,3131921,11159994,1006802,54598,153572,0,1621341,31.44,100
208756315,24 X҉  A Phàm,34943744,6764360,IV,3924,4711320,13709850,526615,422185,29070,0,3318429,20.48,100
209016436,メB L E S S,31581556,6654692,IV,3924,2908307,8920450,375513,258113,171434,0,3824030,11.16,100
210332264,ʳᶻKe1XrTh1zn,28007311,6528424,IV,3924,3215781,5585430,291996,82177,302578,0,1906974,12.64,100
208189568,ᴿᵂMelMel,30743735,6504642,IV,3924,4299575,16649627,1487418,55497,0,0,3331075,24.99,100
218982356,Lamnesik,26054040,6443828,IV,3924,4111418,13433044,1249817,46266,65460,0,3603500,18.31,100
210876904,Slim 15,25014116,6274578,IV,3924,2417842,6134769,453102,79830,244258,0,3149073,9.04,100
209326871,ᴸᵂ Greek,23930775,6175375,IV,3924,3266325,11739682,1056180,56947,92079,0,4851404,11.87,100
209862044,BorLanD,20682493,6098355,IV,3924,-2278496,1579200,157920,0,364445,0,64664,18.4,100
210142805,Olly25,28301852,6074970,IV,3924,3588111,8157270,469815,65445,236084,0,4661862,8.33,100
210435381,Tôi VN,23120410,6058989,IV,3924,2466631,1484770,131511,0,368863,0,1750535,3.5,100
198165067,ITACHI乂Peak,28156198,6011085,IV,3924,-1147607,944850,94485,0,375543,0,0,,100
206995967,Choco 1,28926719,5994523,IV,3924,622192,4440735,269677,56724,289905,0,932626,18.16,100
209324904,TaonguoiVietNam,41421817,5990352,IV,3924,7394838,6101798,216313,138203,249538,0,7465629,3.95,100
209804157,ᴿᵂELLVIERA,25877041,5926236,IV,3924,3135523,6656102,257679,203160,190928,0,8620317,3.78,100
210253567,Bad papа,28409641,5902883,IV,3924,3221691,13990535,911547,215093,7051,0,6420791,10.88,100
210412615,methusala,26936118,5763027,IV,3924,3956704,6684141,258433,204920,178673,0,6843502,4.76,100
209882504,Coconut15,20846478,5551749,IV,3924,473742,3969883,225936,85287,253009,0,2563426,7.05,100
209852044,ᴿᵂVito,21575782,5453862,IV,3924,1710265,5593150,329973,112752,200430,0,1962603,12.93,100
209333993,jaims cat,35047106,5313185,IV,3924,5817493,3244694,135340,94534,255099,0,4109047,3.72,100
208622212,Ulvsbane,35852934,5247154,IV,3924,4075343,4770906,290621,91973,210996,0,1793473,11.9,100
207933613,24 X҉ Sawakita,26885550,5197953,IV,3924,3351414,8918481,289072,301316,68567,0,4088408,10.73,100
210913126,ᴿᵂKingOfWar,21812250,5165700,IV,3924,1061756,12692635,1258340,5461,5182,0,1900585,33.3,100
210375755,warandromedha,22302989,5137995,IV,3924,2585897,3439649,215785,64088,242265,0,1822832,8.33,100
207860890,ᴿᵂMagicMal,21799995,5126833,IV,3924,436611,2034161,79402,61731,279461,0,2276217,3.98,100
210383699,Le Rose,20431350,5093850,IV,3924,831464,1376325,122780,7426,301898,0,1619981,3.58,100
209904530,ᴿᵂ MarkDen,28789284,5046381,IV,3924,6048533,2832440,196954,43145,255141,0,1947930,6.43,100
210834790,ˣⁿRealmadrid,21466835,5041202,IV,3924,1493799,6120226,317608,129853,164816,0,3502923,8.34,100
209509609,Ryyysiek,27528967,5015482,IV,3924,1922503,4744352,291198,90202,196578,0,3223386,6.94,100
209345131,ᴰᴷCamaron,25773096,4822778,IV,3924,2386818,2702220,128067,25346,270470,0,791485,12.72,100
209502334,24 X҉WilliamQ8,43493951,4793906,IV,3924,7063129,4024580,189434,106512,198070,0,2828032,6.65,100
210300701,Gund,31053832,4769423,IV,3924,2863010,10385014,678187,179362,17537,0,3874846,13.34,100
209072763,ᶻᵒDungori,24331095,4617490,IV,3924,1775238,4657423,286425,89539,171760,0,1397802,14.84,100
209817323,ᴰᴷZORO GPS,30568624,4591328,IV,3924,10235824,10157277,471862,264361,4018,0,5336552,9.51,100
208821197,ᴰᴾJoe Black,25941549,4509792,IV,3924,5451457,518907,27533,12175,285194,0,1221564,1.72,100
208189559,ᴿᵂRenegade,27375139,4502898,IV,3924,3915430,9034113,826427,22219,65000,0,2170433,20.21,100
210896556,Hired Killer,25344031,4467524,IV,3924,3915229,7252864,603341,0,136944,0,118316,142.07,100
209482763,Éléna,33337946,4443492,IV,3924,1080022,915280,38438,26545,268286,0,467738,6.22,100
211065244,Kr0uKe1zR0k,23837242,4432778,IV,3924,3121541,964868,83597,6426,268942,0,1822202,2.31,100
213221751,24 X҉ vSharKs,29524369,4320759,IV,3924,3261393,8306548,799056,14559,65263,0,4021471,10.16,100
207122584,HOY PINOY FARM,21971522,4252194,IV,3924,1059974,1577710,105911,25930,237950,0,847074,7.27,100
210432369,Lệnh Hồ 55,31701962,4230220,IV,3924,3870403,6515321,571220,29798,109824,0,3251351,9.69,100
208200368,ᴿᵂAlphaWolf,28747871,4124550,IV,3924,3024916,9527034,654815,148789,1160,0,3637919,13.09,100
207777450,WorstNightmare,28823724,4063144,IV,3924,3442136,645082,28331,18065,251278,0,864088,2.89,100
209657050,EevisM,26576025,3986116,IV,3924,1406736,3382012,194554,71628,166108,0,3260230,4.94,100
209745701,Oenomaus,23924651,3967138,IV,3924,-197194,2558230,106417,0,236098,0,87772,39.49,100
209859699,QueenCandy P,23725081,3933847,IV,3924,2972849,4970927,352123,70590,121297,0,1816864,12.82,100
211329312,石木,26600860,3867995,IV,3924,4862775,7649856,258295,253342,20093,0,3261487,11.66,100
210394588,24 X҉ Tường,25286384,3858405,IV,3924,3532272,6320869,560715,34503,84701,0,4305220,7.2,100
209076305,ʸᵘSłonik339,29113599,3732976,IV,3924,2797120,7119617,425774,143087,39934,0,1445506,23.96,100
208206714,ᴿᵂPredator,24772222,3727959,IV,3924,3845710,858490,25571,30139,221619,0,1534838,2.44,100
208294913,ᴿᵂDoof,37975936,3641903,IV,3924,3383369,4284550,256197,86129,117055,0,1071352,18.03,100
209323093,THE END rog,24534562,3640560,IV,3924,3055498,7529718,411840,170523,19198,0,3938492,9.51,100
210084771,Bshusttt,21015068,3452110,IV,3924,314625,2023050,81905,60200,168166,0,2382209,3.97,100
209870149,ᴿᵂJOESANJI,25452567,3444299,IV,3924,4901877,2419136,154776,19511,175339,0,746169,13.13,100
209007130,ᴿwmeowington,26734273,3434543,IV,3924,2838082,4323634,399637,15742,111905,0,1323761,15.06,100
210372642,NTThaSN,25658994,3388086,IV,3924,3638628,4442438,408489,0,116942,0,1153564,17.48,100
207774760,TrNgDangkhoi09,33897777,3315051,IV,3924,3427154,6576830,240914,207514,18417,0,1314235,24.68,100
208762017,SP N,22254659,3311185,IV,3924,2954025,3947603,298135,48252,109075,0,4711443,4.09,100
212491924,24 X҉   Bean,26884043,3195236,IV,3924,5640840,445281,18349,12958,199484,0,500015,3.18,100
210373350,ero3,24361708,3161507,IV,3924,2327446,6195476,435118,92071,33355,0,3629692,8.46,100
207957194,BankKingdom24,20288125,3145340,IV,3924,148519,5703513,390,284804,19716,0,8899812,3.2,100
209322462,ˣPoseidon,27635337,3139705,IV,3924,3246124,1648386,141545,11462,163927,0,1363996,5.39,100
210441175,gaberner,22379855,3085217,IV,3924,2217965,1755729,107908,33676,154455,0,2916145,2.86,100
209853474,kurinin23,24469670,3077852,IV,3924,2989209,540683,41303,0,194176,0,534787,3.71,100
209393079,ᴿᵂ Shakkah,30162070,3012219,IV,3924,4246377,5467834,319421,113659,39863,0,5184076,5.23,100
209294221,24X҉AlphaWolf,56235814,2983077,IV,3924,6696206,6351808,291403,171368,6919,0,1111818,28.39,100
209299428,douby 7,24059224,2952468,IV,3924,3880037,8633558,559582,5393,44014,0,1713555,24.56,100
210209380,King Bismarck,24778248,2951116,IV,3924,2534416,4085700,278974,57120,84268,0,1978166,9.91,100
209806538,ANNY20,22217679,2915486,IV,3924,886035,1595405,128064,15608,149810,0,1700929,4.31,100
210445136,24 x Đệtam,34295726,2817016,IV,3924,3598331,6503840,525864,62260,6064,0,1333331,24.28,100
209978130,Malkoc0glu,42866050,2750440,IV,3924,6415006,5430310,310315,116358,23040,0,1601874,16.71,100
209853749,24TùgGấu,32882795,2720250,IV,3924,4135026,5735740,433130,70222,19034,0,3041437,9.37,100
204517431,ThienDi,25072072,2697821,IV,3924,281284,3384740,338474,0,89595,0,3903407,4.24,100
210402314,Мех,22192392,2682912,IV,3924,1944873,211530,21153,0,173220,0,482157,,100
209506286,ˣˣ AMSTER,44626810,2595672,IV,3924,2759414,4642920,386358,38967,44038,0,1584212,14.26,100
209709756,aj rimmer,20140039,2583963,IV,3924,679820,1216934,106087,3887,141383,0,453096,10.24,100
209798395,Ubba of Antwerp,37459458,2578392,IV,3924,2955107,5795340,324468,127533,346,0,1455403,19.91,100
210210393,Zhâk,26762592,2544710,IV,3924,1393050,4942220,339745,71125,31632,0,2127480,11.45,100
208195504,ᴿᵂ Zytue,30909534,2491727,IV,3924,3844005,3114371,133178,74775,80751,0,2159648,6.95,100
208973298,24 X҉ AndiUmar,30934422,2465898,IV,3924,3104155,3894190,222767,83326,49438,0,1170220,15.96,100
209807832,Evertonian,27057454,2395416,IV,3924,3980984,2377137,75124,15542,129300,0,1780638,6.22,100
209907877,24X҉Ken,31982752,2387181,IV,3924,3575752,3501880,287384,31402,61575,0,2216447,7.69,100
210376765,BEYAZID 55,21071401,2349950,IV,3924,1306667,3635172,326160,5693,65892,0,3013524,5.9,100
208188806,rw kk,24240045,2348517,IV,3924,1974267,2603917,204498,25353,85133,0,2191732,5.72,100
210376950,NightStarr,24846771,2346742,IV,3924,2284618,1722735,115448,18950,113030,0,351954,18.52,100
210234353,AK Optimuss,26487948,2337449,IV,3924,2217305,3244742,205756,55528,63943,0,1833336,8.55,100
207562640,ᴿᵂEazyBuu,28913832,2331322,IV,3924,3067559,3556117,269778,42787,54956,0,1516511,11.31,100
209875786,24 X҉  Malrin,33805543,2277148,IV,3924,2526801,2760696,156582,59554,70352,0,611282,20.25,100
208164511,ᴿᵂIndigo,26749251,2202070,IV,3924,2398806,3697360,331720,19008,45674,0,571474,29.96,100
210428942,SuButay,25222333,2182089,IV,3924,4705384,3932624,332756,30199,36605,0,1221099,15.63,100
210387001,Cá161691,23619012,2173999,IV,3924,1539721,233250,16691,3317,138271,0,860938,,100
209119164,ᶲEmmy Noether,42513195,2033418,IV,3924,8493934,1947700,124377,35187,78936,0,513953,16.43,100
207989016,SpeedEge2,30132958,2007730,IV,3924,7224795,3727732,285590,27128,39606,0,9869736,1.88,100
207296852,ᶫʳ Dron FPV,28059434,1908913,IV,3924,3477447,3497440,191572,79086,23451,0,3250252,5.34,100
211856683,HOTBEAST II,22137165,1883732,IV,3924,1067361,4709805,470933,0,0,0,1353231,17.4,100
209641477,ᵒᵈSHuGUN,51078740,1856713,IV,3924,6522425,2077637,116772,45487,62317,0,1019550,9.6,100
209880966,24 X Blaze,39758295,1838533,IV,3924,4040095,2012850,88367,56459,61365,0,1635306,5.93,100
210490061,24 X҉ DuMuc,34264489,1796408,IV,3924,4946018,3988100,197372,100692,0,0,2725139,7.32,100
209871082,Beb0,22964624,1759581,IV,3924,1063375,2577216,149099,53893,41617,0,2007681,6.29,100
208198410,ᴿᵂintruglio,27946039,1725339,IV,3924,3663240,1926946,127641,32511,59311,0,898721,10.06,100
209803899,Marshglow,33290459,1711301,IV,3924,2970110,3912198,357599,16764,7551,0,2002497,9.73,100
210434155,Secte,28874538,1651783,IV,3924,4216633,2920183,280387,1452,34381,0,843563,16.63,100
207012251,MeowMeowMeowww,33763713,1611230,IV,3924,3014440,2139600,213770,0,50410,0,758148,13.23,100
209885315,ᴿᵂKapo,20798718,1597310,IV,3924,1673008,1382100,69220,34495,65032,0,2549545,2.64,100
210225102,humilde manco,20685446,1568437,IV,3924,1044957,2461470,168143,39002,33723,0,1677664,7.19,100
207320759,QUADBREED,28281515,1506129,IV,3924,2461777,42660,4266,0,99271,0,1166933,,100
209794039,ฝันดี,20163116,1466296,IV,3924,2917275,3265030,176209,75147,666,0,2436284,6.7,100
208936123,ᶻᵒAdamLeft,20187405,1464335,IV,3924,-1097675,1548950,154895,0,56317,0,0,137.52,100
210373344,Oulboy,21359090,1441288,IV,3924,2014694,1497430,71377,39183,50930,0,957540,7.42,100
209858936,RW Zill,22869113,1403654,IV,3924,1714048,619796,42786,9476,75850,0,912712,3.13,100
208211218,ᴿᵂ Rooster,21199296,1394926,IV,3924,698663,806050,16789,31908,67246,0,891623,4.2,100
210532839,Beelphegor,25826710,1325177,IV,3924,3051318,2273124,222398,825,28489,0,1377059,8.09,100
210539282,Scriptor,25619189,1259105,IV,3924,3582397,2894489,288915,266,6719,0,1265203,11.38,100
208961613,ᴿᵂSabrewolf,27044541,1179476,IV,3924,5252934,1012694,79079,11016,50200,0,1967622,2.51,100
210533310,Vates,24833642,1140077,IV,3924,2904710,1968089,194128,1114,23495,0,1211650,7.97,100
209743364,Secteryum,24851190,1105476,IV,3924,4621874,2745890,267469,3560,0,0,1004359,13.67,100
210740345,Basiliscus,24580365,1091959,IV,3924,4334551,1867090,182401,2154,22721,0,925412,9.85,100
208202264,KrazyBus,37324377,1065697,IV,3924,2444429,2232050,127173,48016,5123,0,797110,13.91,100
209870454,pantyha,30715877,1009121,IV,3924,1757719,324800,12554,9963,57285,0,340035,4.09,100
210166542,Abcdefin,27482522,1008889,IV,3924,5365790,314300,4206,13612,57063,0,574881,2.49,100
210195820,Pouce normaux,21003671,1005710,IV,3924,3460523,1521339,98830,12784,32170,0,2210679,3.39,100
209875567,ᴬᵈDMAч1т,51875583,958120,IV,3924,6308596,2264210,173985,26218,0,0,884144,12.8,100
209449139,ᶜᵍDextrixs,20423707,956243,IV,3924,1634036,2015260,106722,47402,3689,0,1939715,5.18,100
209987606,24 X҉GiangBlue,28194634,949916,IV,3924,794271,2709511,229054,1261,1406,0,318473,42.35,100
212007469,Ulvsbane2,27951139,915837,IV,3924,7422205,1024918,31123,35597,29025,0,587436,8.31,100
210377522,I54c,20441979,858962,IV,3924,444896,1810460,46268,67389,0,0,2391953,3.78,100
210394369,Hắc ma,34635837,834814,IV,3924,8909468,1778850,54611,61637,0,0,2067354,4.3,100
209872477,Aryta,22996481,810006,IV,3924,2506367,689074,66229,1331,35452,0,535366,6.04,100
210372206,Sela8,21411998,803895,IV,3924,2165119,248579,0,0,53593,0,20306,,100
209848694,24 X҉ Leano,31042089,802673,IV,3924,406710,1869610,147477,19742,1023,0,379863,24.54,100
210944394,24 X҉  Full,20516655,786277,IV,3924,2858608,843030,19643,32330,25627,0,934554,4.39,100
210622572,Radamanthys,23189174,705608,IV,3924,2411757,1764020,176402,0,0,0,684992,12.88,100
207037071,ᴳᵛChocolate,31157659,689034,IV,3924,158397,1172110,48281,34465,10084,0,2983443,1.96,100
210562229,Panda Legion,22222311,680542,IV,3924,1610824,2764985,93888,13777,11148,0,147597,87.09,100
208211560,ᴿᵂ Musti,25005363,678797,IV,3924,4922937,110150,10653,59,42373,0,144231,,100
207057491,ˣⁿDrina,21402302,652224,IV,3924,1496506,1911577,163056,0,0,0,567820,16.83,100
210066323,cà chua ok,27119517,583626,IV,3924,2866146,3561660,108299,10969,2716,0,385727,45.85,100
209756441,ᴰᴷllama2502,23958494,582362,IV,3924,3240018,1322030,78653,26775,0,0,464036,14.24,100
206973291,RØgueThrottle,30355743,581143,IV,3924,1999360,1108389,107297,422,9849,0,450504,12.04,100
207663213,ᴿᵂ TRUMPED,41927112,560414,IV,3924,5885051,1146980,13076,50811,0,0,1303319,4.4,100
209686553,ATLAS007,25183571,559963,IV,3924,3908848,595870,12607,23490,18309,0,948114,3.08,100
209692424,ᴮᴺ Lee Myon,34899741,551848,IV,3924,2113687,1172531,34417,41418,0,0,961809,6.1,100
210189446,Angry R bear,22175323,548096,IV,3924,2713943,1274440,89124,19160,0,0,2004092,3.18,100
210676623,24 X҉ LãoTam,36191612,541864,IV,3924,258894,1385420,135466,0,0,0,40882,,100
210381690,24 X҉  CITOYEN,30447974,540952,IV,3924,-427501,1352380,135238,0,0,0,0,,100
207256493,ᶫExquerred,31547913,535892,IV,3924,1547939,1260350,94283,15876,0,0,244299,25.8,100
210101700,Jinozz,30700072,531358,IV,3924,2280115,1177740,57512,30131,0,0,465337,12.65,100
209171610,ᵍˢ BÙM,27017119,527064,IV,3924,1459220,1317904,131766,0,0,0,524128,12.57,100
209756294,ᴰᴷREDER2502,24159136,521372,IV,3924,2409756,1209330,83293,18820,0,0,374001,16.17,100
210426611,Pé Chanh 2k6,22404724,460218,IV,3924,1583695,608780,13762,23558,11306,0,1358835,2.22,100
209320692,ᴱᶻLelya Fm,30621098,412844,IV,3924,3681337,895660,34986,27290,0,0,1537055,2.91,100
210401319,bulldog,30264729,408532,IV,3924,3253308,879430,31183,28380,0,0,1157392,3.8,100
209899711,Ninnitt,20912649,403765,IV,3924,998721,287580,7070,10844,17803,0,711090,,100
209103130,ᶲ DansKingdom,21037408,403684,IV,3924,424134,858940,25786,30054,0,0,1443965,2.97,100
208226755,ᴿᵂGRAYWOLF,22261252,392482,IV,3924,1194244,284178,16353,5797,17940,0,81632,,100
209803084,xAgresif,31619700,388918,IV,3924,777593,942540,82352,5951,0,0,274716,17.15,100
208210296,ᴿᵂTalha67,26275012,314880,IV,3924,2353077,787200,78720,0,0,0,190554,20.66,100
209617120,NTTha farm,20402448,303788,IV,3924,1653397,759470,75947,0,0,0,977669,3.88,100
208200545,ᴿᵂMama Wolf,38746356,300167,IV,3924,3269828,629700,22978,19996,553,0,1345654,2.34,100
207189272,ᴿSAURON,20939986,238003,IV,3924,2395224,755258,45437,290,3557,0,344780,10.84,100
209751429,油条,26895317,226916,IV,3924,488286,567542,56729,0,0,0,279169,10.16,100
207688111,Rwjin2,20641873,214174,IV,3924,-966256,481730,26691,10741,0,0,593023,4.06,100
210370357,thegoathimself,21251945,207864,IV,3924,3088093,519660,51966,0,0,0,236720,10.98,100
209532060,ᴿᵂSigma,27531795,206334,IV,3924,1559721,1226383,45121,2585,0,0,799331,7.67,100
210398747,ÐarkKnight,20046673,193992,IV,3924,2410894,432710,22363,10454,0,0,602586,3.59,100
210394486,sencerbatur,25021386,189546,IV,3924,3089016,472576,43309,1631,0,0,1234357,,100
210401075,VoidAlbion,22366438,173342,IV,3924,2035910,1577832,31898,4575,0,0,679587,11.61,100
209837521,24 X VADO,26029404,161604,IV,3924,-1421623,404010,40401,0,0,0,0,,100
209986084,maiconphieu,23611982,142332,IV,3924,1690370,347122,31228,1742,0,0,1449700,,100
210330344,buonngu,21942720,133248,IV,3924,1816425,365712,33312,0,0,0,4248148,,100
210439905,せりお9,32832135,131020,IV,3924,3046490,327550,32755,0,0,0,202182,8.1,100
208684612,ᶲJW4101,26199554,122445,IV,3924,3646457,451044,0,0,8163,0,207545,10.45,100
207689266,ᴿᵂManuel,22229861,103904,IV,3924,1128461,259760,25976,0,0,0,54635,,100
209311732,ᴿᵂ RØW,26764396,101944,IV,3924,1706559,254860,25486,0,0,0,331212,,100
210834666,harryg91,20371735,99940,IV,3924,2292402,199880,0,9994,0,0,353748,,100
212333596,ᴹɪɴɪK0uisF,20477980,99212,IV,3924,2753472,253683,24803,0,0,0,267510,,100
206949917,marious1990,38758501,97868,IV,3924,2749155,244670,24467,0,0,0,789788,,100
206960318,24 X҉    Ghost,32721709,96402,IV,3924,4328701,229290,18243,2343,0,0,451508,,100
210531865,Cyntra City,27120942,92428,IV,3924,3716913,211580,13362,3898,0,0,479590,,100
207701181,123123sjej,29190910,92072,IV,3924,2409595,226340,21098,768,0,0,602364,,100
211311750,Sergо,22190843,77412,IV,3924,647048,193532,19353,0,0,0,527273,,100
210267199,De Noordzijde,20038473,64436,IV,3924,985610,133900,2514,5438,0,0,756378,,100
210006467,sSnoopy,20704574,60728,IV,3924,1864018,151820,15182,0,0,0,339163,,100
210218341,DEMId 01,28588002,58618,IV,3924,2189219,146260,14512,57,0,0,307238,,100
209835098,ᴿᵂ DuongBeo,22466236,57364,IV,3924,3650436,143469,14341,0,0,0,458677,,100
210152430,Sugeng 1,25727562,53876,IV,3924,2530671,229630,13469,0,0,0,421434,,100
207579331,24 X҉ SNØŌWミ,21443329,50840,IV,3924,171122,127100,12710,0,0,0,5066,,100
209838770,24 X҉  ReDemon,37466401,40336,IV,3924,2013266,87600,3464,2648,0,0,148044,,100
207938366,клевый,27034911,36978,IV,3924,3044407,80090,3067,2471,0,0,260646,,100
207651897,24 X҉ Aureliaツ,20110853,34072,IV,3924,220359,85180,8518,0,0,0,20857,,100
208720515,ᴿᵂviva5555,22314888,33398,IV,3924,1322683,68280,742,3043,0,0,495001,,100
208208571,ᴿᵂ Fredi888,26000763,30718,IV,3924,2182989,74942,2507,2069,0,0,288957,,100
207275480,cocojambo,25294471,30408,IV,3924,569303,76020,7602,0,0,0,73841,,100
211250823,ᴬᵈBethoven,23182561,30028,IV,3924,2206955,70930,5437,828,0,0,482196,,100
206992661,GunnaGhøst,25225453,25850,IV,3924,1683519,61640,4970,597,0,0,57972,,100
208560935,ᶲ Aheles,28485545,20156,IV,3924,2399726,49280,4484,222,0,0,770458,,100
210190324,Legend68,35686086,14232,IV,3924,2468523,144058,3558,0,0,0,47681,,100
209613410,24 X҉ Smeller,30782035,13846,IV,3924,2619598,31170,1739,689,0,0,139212,,100
209974432,fire001,21124941,10188,IV,3924,1010311,25470,2547,0,0,0,89548,,100
209845456,Kyoto1773,22749614,8760,IV,3924,2080267,21900,2190,0,0,0,70176,,100
209312381,Yola61,20704844,7028,IV,3924,1250776,17570,1757,0,0,0,83816,,100
211297033,ᴿᵂ DuongBeu,21920368,6880,IV,3924,3135629,14650,445,510,0,0,238576,,100
210039896,Menezobrrr,20360700,3910,IV,3924,2531529,8940,560,167,0,0,49596,,100
210406925,kishmish1,22508251,3824,IV,3924,1603041,9560,956,0,0,0,43394,,100
209757200,Quynhhxxihgaiii,27495566,3600,IV,3924,4972749,9000,900,0,0,0,231534,,100
209905807,24X҉   Valetta,32552536,2230,IV,3924,3668084,5550,545,5,0,0,560182,,100
210664315,lãotứk,20253958,188,IV,3924,638770,470,47,0,0,0,53900,,100
209218288,GoodVin mini,23469845,0,IV,3924,722391,0,0,0,0,0,4187,,100
210095833,24X҉Naofumi,27522192,0,IV,3924,441418,0,0,0,0,0,16939,,100
210434561,24 X҉ThuyAn2,22819901,0,IV,3924,284132,0,0,0,0,0,35651,,100
210013615,ᴹᴰLadyVic,29268883,0,IV,3924,2910376,0,0,0,0,0,362516,,100
209620976,SUPERMANx,30277007,0,IV,3924,2999372,0,0,0,0,0,1075,,100
210432676,24 X҉  Qhà,20282333,0,IV,3924,100917,0,0,0,0,0,761,,100
210266508,MauritiusVictus,29556342,0,IV,3924,4480924,0,0,0,0,0,82466,,100
209843396,ᶲLe Trong Tan,24027634,0,IV,3924,0,0,0,0,0,0,0,,
210403265,SlowZ06guy,21898746,0,IV,3924,2033651,0,0,0,0,0,449,,100
210443073,ᴿᵂDMAᴿᵂ,22534611,0,IV,3924,2254229,11522,0,0,0,0,1633,,100
209842652,Burak3523,20838688,0,IV,3924,1564803,0,0,0,0,0,1822,,100
209250126,24 X҉   Sharky,24562297,0,IV,3924,325248,0,0,0,0,0,108603,,100
210245347,Szoboslai8,21023323,0,IV,3924,60704,0,0,0,0,0,1776,,100
207934863,Hockeye,26228776,0,IV,3924,0,0,0,0,0,0,0,,
209829051,24 X҉ Hexxy,25208050,0,IV,3924,0,0,0,0,0,0,0,,100
209833637,MANCH,28392234,0,IV,3924,1095570,0,0,0,0,0,2361,,100
209916577,24 X҉  Don,21951150,0,IV,3924,0,0,0,0,0,0,0,,
210258071,znic,22171533,0,IV,3924,1993507,0,0,0,0,0,21023,,100
209829717,24 X҉ Ikigai,27177586,0,IV,3924,0,0,0,0,0,0,0,,
209828773,24 X҉炎Dawn,45178013,0,IV,3924,0,0,0,0,0,0,0,,
209880540,24 X҉ GRUbiYan,20012773,0,IV,3924,0,0,0,0,0,0,0,,100
209696150,zia tok,20571909,0,IV,3924,0,0,0,0,0,0,0,,
209989088,24X҉ Alexander,23418684,0,IV,3924,0,0,0,0,0,0,0,,
209172696,Lollo filler 1,33073370,0,IV,3924,1297124,0,0,0,0,0,3897,,100
208174479,RW ALEXANAH,23569402,0,IV,3924,70494,0,0,0,0,0,0,,100
210371866,24 X҉ KAAN,42663148,0,IV,3924,0,0,0,0,0,0,0,,100
208008607,F4rhan Fill,21805127,0,IV,3924,0,0,0,0,0,0,0,,
209902500,бронсон,22533202,0,IV,3924,0,0,0,0,0,0,0,,
209830443,BellumDux,23346084,0,IV,3924,0,0,0,0,0,0,0,,100
209837225,iXx,26431484,0,IV,3924,327769,0,0,0,0,0,0,,100
210679087,Mitsumia,20663691,0,IV,3924,2138467,0,0,0,0,0,25366,,100
210253596,ᴳᴺAURELIUS,28959207,0,IV,3924,182405,0,0,0,0,0,0,,100
210402077,24 X҉   NKN,22611198,0,IV,3924,0,0,0,0,0,0,0,,100
207434370,ᴾᴵTorenzik,38994474,0,IV,3924,134392,0,0,0,0,0,0,,100
209502377,ᵍˢkraM,24638780,0,IV,3924,0,0,0,0,0,0,0,,100
210432841,Nunm,20733089,0,IV,3924,0,0,0,0,0,0,0,,
207692611,RW It is I,33880354,0,IV,3924,4909184,0,0,0,0,0,15929,,100
210806310,Jaehaerys 1er,21676501,0,IV,3924,1454448,0,0,0,0,0,11984,,100
208850800,24 X҉ 도주이득,26177030,0,IV,3924,0,0,0,0,0,0,0,,100
210888570,Fozzie 3,20931240,0,IV,3924,1477684,0,0,0,0,0,0,,100
209245175,Pikachu br,25748530,0,IV,3924,0,0,0,0,0,0,0,,
210249125,Gopq,29397325,0,IV,3924,1743288,0,0,0,0,0,58578,,100
210372545,ᴾᴱStonəy,20674879,0,IV,3924,81000,0,0,0,0,0,740,,100
212579837,Đệtamfamr,28266437,0,IV,3924,2040820,0,0,0,0,0,846,,100
210399669,bySel,22869442,0,IV,3924,0,0,0,0,0,0,0,,
209837031,24 X҉  ЫЫЫ,27842755,0,IV,3924,0,0,0,0,0,0,0,,100
209267900,karipapkentang,24427152,0,IV,3924,0,0,0,0,0,0,0,,
210295752,24 X҉Camelotik,23951412,0,IV,3924,0,0,0,0,0,0,0,,100
209926937,우라차차,23528433,0,IV,3924,2856545,0,0,0,0,0,39899,,100
210376802,かかってこい,20231619,0,IV,3924,0,0,0,0,0,0,0,,100
208183840,Third Option,23624545,0,IV,3924,1740876,0,0,0,0,0,0,,100
207423496,F4RHAN,29335448,0,IV,3924,0,0,0,0,0,0,0,,
210584534,Ryyysiek 2,22360048,0,IV,3924,1548503,0,0,0,0,0,688,,100
210433741,24 X҉ Palomon,23678544,0,IV,3924,0,0,0,0,0,0,0,,
207501113,24 X҉  Hyra ツ,26197188,0,IV,3924,0,0,0,0,0,0,0,,
206974141,ᴳᴴKaiO,28175245,0,IV,3924,1280972,0,0,0,0,0,171254,,100
209836261,ᶲ Lady D,24303438,0,IV,3924,3185413,0,0,0,0,0,69079,,100
210330736,Charli300,22806239,0,IV,3924,2014215,0,0,0,0,0,750,,100
211892788,ᶲJW4101 Farma,21840907,0,IV,3924,2764620,0,0,0,0,0,87966,,100
210406006,Lw小哲,26457555,0,IV,3924,0,0,0,0,0,0,0,,100
211209147,24 X҉   AxeTR,28085576,0,IV,3924,0,0,0,0,0,0,0,,
209112837,ᶲAKa Rùa,20725041,0,IV,3924,750557,0,0,0,0,0,3236,,100
210396149,MozzA,22609674,0,IV,3924,0,0,0,0,0,0,0,,
210750053,KristianCor,26639968,0,IV,3924,871398,0,0,0,0,0,2558,,100
209864074,24 X҉ Erass,28165649,0,IV,3924,0,0,0,0,0,0,0,,100
209906026,24 X҉   Tuấn,24454032,0,IV,3924,0,0,0,0,0,0,0,,100
209837719,24 X҉   メScarメ,26620542,0,IV,3924,0,0,0,0,0,0,0,,100
210313435,Aldo247,23886342,0,IV,3924,3477780,0,0,0,0,0,132786,,100
210393177,tao nè vn,26514008,0,IV,3924,2449506,0,0,0,0,0,100043,,100
207889100,ᴿᵂOne Eye,24626039,0,IV,3924,0,0,0,0,0,0,0,,100
207688109,RWxLoneStar,21806060,0,IV,3924,2529751,0,0,0,0,0,107319,,100
209881387,۷ɛƈŋą,25305367,0,IV,3924,0,0,0,0,0,0,0,,
207748792,ᴷᴰ NirF,29153983,0,IV,3924,1290649,0,0,0,0,0,42918,,100
209762988,ᴰᵀŞahmar,20146389,0,IV,3924,671368,0,0,0,0,0,1757,,100
209843352,24 X tafger,25833690,0,IV,3924,0,0,0,0,0,0,0,,
206971212,24 X҉  ʙuᴅa,34743763,0,IV,3924,513237,0,0,0,0,0,2334,,100
209265582,Lee Lovely F,27265216,0,IV,3924,103852,0,0,0,0,0,23463,,100
205283625,24 X҉  OBITO,20084910,0,IV,3924,0,0,0,0,0,0,0,,
206967436,KATSOUTA,29072635,0,IV,3924,0,0,0,0,0,0,0,,100
209601440,ᵍˢSeth,28951352,0,IV,3924,0,0,0,0,0,0,0,,
208313590,Jack メ Mengocok,29043416,0,IV,3924,3400,0,0,0,0,0,0,,100
208649830,ᶲMrFoolsDay,25855788,0,IV,3924,0,0,0,0,0,0,0,,100
211557716,ᴰᴾCyanide,22876350,0,IV,3924,2461898,0,0,0,0,0,0,,100
209619554,ᴹᴰDoC OcK,49406778,0,IV,3924,96300,0,0,0,0,0,0,,100
